,postnumber
93,25218
119,25219
62,25220
72,25221
100,25222
56,25223
98,25224
104,25225
111,25226
109,25227
87,25228
124,25229
41,25230
70,25231
57,25232
126,25233
82,25234
105,25236
121,25237
117,25238
73,25240
122,25241
110,25244
118,25245
77,25246
64,25247
101,25248
85,25249
28,25250
27,25251
12,25252
88,25263
127,25266
99,25267
116,25268
46,25269
14,25270
43,25271
114,25275
36,25276
102,25277
128,25278
132,25284
30,25341
33,25342
38,25351
15,25352
25,25353
35,25354
39,25355
26,25356
37,25360
48,25361
1,25362
97,25368
7,25373
20,25374
31,25375
53,25433
106,25435
91,25436
69,25437
75,25438
68,25439
29,25440
76,25441
112,25442
67,25443
89,25444
54,25448
22,25449
0,25450
51,25451
108,25452
96,25453
8,25454
78,25455
47,25456
71,25457
59,25458
60,25459
90,25460
103,25461
84,25462
92,25463
81,25464
58,25465
79,25466
95,25467
63,25468
23,25470
61,25471
17,25472
32,25473
19,25474
16,25475
9,25476
49,25477
44,25478
42,25481
10,25482
4,25483
55,25484
50,25592
11,25654
5,25655
2,25656
6,25657
120,25658
83,25659
3,25661
74,25662
115,25663
40,25664
65,25665
129,25666
13,25667
80,25668
107,25669
52,25671
34,25730
24,25731
21,25732
18,25733
66,25734
125,26036
113,26292
45,26294
131,26361
86,26365
133,26394
123,26777
130,26790
94,26875
